广告活动,平台,花费,销售额,点击,曝光,转化订单,ACOS,ROI,币种
X14-洗发水-US-自动,Amazon,150.50,1250.00,320,45000,25,0.1204,8.31,USD
X14-洗发水-US-手动,Amazon,280.00,1800.00,450,52000,36,0.1556,6.43,USD
X10-身体乳-US-自动,Amazon,120.00,980.00,220,32000,20,0.1224,8.17,USD
X10-身体乳-US-手动,Amazon,200.00,1500.00,380,41000,30,0.1333,7.50,USD
L05-精华水-US-自动,Amazon,90.00,450.00,150,28000,9,0.2000,5.00,USD
B04-精华-US-自动,Amazon,300.00,1200.00,280,35000,12,0.2500,4.00,USD
X14-洗发水-DE-自动,Amazon,80.00,720.00,180,22000,15,0.1111,9.00,EUR
X10-身体乳-DE-自动,Amazon,100.00,650.00,150,18000,13,0.1538,6.50,EUR
X14-洗发水-JP-自动,Amazon,15000,180000,280,35000,18,0.0833,12.00,JPY
X10-身体乳-JP-自动,Amazon,12000,120000,200,28000,12,0.1000,10.00,JPY
X14-洗发水-TikTok,TikTok,180.00,900.00,320,45000,18,0.2000,5.00,USD
L05-精华水-TikTok,TikTok,150.00,450.00,240,32000,9,0.3333,3.00,USD
X10-身体乳-TikTok,TikTok,90.00,600.00,180,25000,12,0.1500,6.67,USD
X14-洗发水-天猫,天猫,600.00,2400.00,420,58000,48,0.2500,4.00,CNY
B04-精华-天猫,天猫,800.00,2400.00,500,65000,24,0.3333,3.00,CNY