SKU编码,商品名称,平台,我方价格,竞品价格,竞品店铺,价差比,采集时间
X14-280,果酸控油洗发水280ml,Amazon,49.99,45.99,BrandB官方店,-0.0800,2026-09-09 10:00
X14-500,果酸控油洗发水500ml,Amazon,79.99,85.99,BrandC旗舰店,0.0750,2026-09-09 10:00
X10-180,乳糖酸亮肤身体乳180ml,Amazon,89.99,79.99,BrandD官方店,-0.1111,2026-09-09 10:05
L05-380,果酸毛孔净透精华水380ml,Amazon,29.99,32.99,BrandE官方店,0.1000,2026-09-09 10:10
B04-30,修护淡印多效精华液30ml,Amazon,159.99,149.99,BrandF旗舰店,-0.0625,2026-09-09 10:15
X14-280,果酸控油洗发水280ml,Shopee,32.90,35.90,CompetitorA,-0.0836,2026-09-09 10:20
L05-380,果酸毛孔净透精华水380ml,Shopee,65.80,59.90,CompetitorB,0.0985,2026-09-09 10:25
B04-30,修护淡印多效精华液30ml,Shopee,89.90,95.90,CompetitorC,0.0667,2026-09-09 10:30
X14-280,果酸控油洗发水280ml,TikTok,39.99,42.99,BrandG官方店,0.0750,2026-09-09 10:35
X10-180,乳糖酸亮肤身体乳180ml,TikTok,79.98,69.99,BrandH旗舰店,-0.1250,2026-09-09 10:40
L05-380,果酸毛孔净透精华水380ml,TikTok,39.99,37.99,BrandI官方店,-0.0500,2026-09-09 10:45
X14-280,果酸控油洗发水280ml,天猫,89.00,85.00,竞店A,-0.0449,2026-09-09 11:00
B04-30,修护淡印多效精华液30ml,天猫,159.00,169.00,竞店B,0.0629,2026-09-09 11:05
L05-380,果酸毛孔净透精华水380ml,天猫,59.00,55.00,竞店C,-0.0678,2026-09-09 11:10
X10-180,乳糖酸亮肤身体乳180ml,京东,128.00,119.00,竞店D,-0.0703,2026-09-09 11:15