平台,模式,店铺,仓库,商品ID,商品名称,库存SKU,SKU规格,当前库存,安全库存,在途库存,锁定库存,日均销量,近30天销量,补货周期天数,安全天数,成本,类目
Amazon,FBA,A-HFP-US旗舰店,FBA-US,SPU1001,果酸控油洗发水,X14-280,280ml,5,20,200,0,3.5,105,45,10,18,洗护
Amazon,FBA,A-HFP-US旗舰店,FBA-US,SPU1001,果酸控油洗发水,X14-500,500ml,120,30,0,0,2.1,63,45,10,28,洗护
Amazon,FBA,A-HFP-US旗舰店,FBA-US,SPU1002,乳糖酸亮肤身体乳,X10-180,180ml,8,25,300,0,4.2,126,45,10,32,身体护理
Amazon,FBA,A-HFP-US旗舰店,FBA-US,SPU1003,果酸毛孔净透精华水,L05-380,380ml,45,30,0,0,2.8,84,45,10,38,精华
Amazon,FBM,A-HFP-US旗舰店,广州仓,SPU1004,修护淡印多效精华液,B04-30,30ml,60,30,0,0,1.5,45,5,5,55,精华
Amazon,FBA,A-HFP-DE店,FBA-EU,SPU1001,果酸控油洗发水,X14-280,280ml,15,20,100,0,2.5,75,30,7,16.5,洗护
Amazon,FBA,A-HFP-DE店,FBA-EU,SPU1002,乳糖酸亮肤身体乳,X10-180,180ml,80,25,0,0,1.8,54,30,7,30,身体护理
Amazon,FBA,A-HFP-JP店,FBA-JP,SPU1001,果酸控油洗发水,X14-280,280ml,3,15,50,0,1.2,36,20,5,2200,洗护
Amazon,FBA,A-HFP-JP店,FBA-JP,SPU1002,乳糖酸亮肤身体乳,X10-180,180ml,200,30,0,0,2.5,75,20,5,4500,身体护理
Shopee,海外仓,A-HFP-SG店,新加坡仓,SPU1001,果酸控油洗发水,X14-280,280ml,12,15,80,0,2.1,63,15,7,12,洗护
Shopee,海外仓,A-HFP-SG店,新加坡仓,SPU1003,果酸毛孔净透精华水,L05-380,380ml,3,10,50,0,1.5,45,15,7,26,精华
Shopee,海外仓,A-HFP-MY店,吉隆坡仓,SPU1004,修护淡印多效精华液,B04-30,30ml,8,20,150,0,1.9,57,20,7,38,精华
Shopee,本土店,A-HFP-MY店,槟城仓,SPU1001,果酸控油洗发水,X14-280,280ml,60,20,0,0,1.2,36,7,5,15,洗护
TikTok,本土店,A-HFP-TikTok店,广州仓,SPU1003,果酸毛孔净透精华水,L05-380,380ml,2,10,0,0,2.5,75,7,5,16,精华
TikTok,本土店,A-HFP-TikTok店,广州仓,SPU1002,乳糖酸亮肤身体乳,X10-180,180ml,150,25,0,0,2,60,7,5,28,身体护理
TikTok,本土店,A-HFP-TikTok店,广州仓,SPU1001,果酸控油洗发水,X14-280,280ml,8,15,30,0,1.5,45,7,5,12,洗护
Temu,全托管,A-HFP-Temu店,广州仓,SPU1003,果酸毛孔净透精华水,L05-380,380ml,5,15,200,0,1.5,45,20,7,11,精华
Temu,全托管,A-HFP-Temu店,广州仓,SPU1004,修护淡印多效精华液,B04-30,30ml,80,20,0,0,1,30,20,7,16,精华
天猫,自营,A-HFP旗舰店,上海仓,SPU1002,乳糖酸亮肤身体乳,X10-180,180ml,200,40,0,0,3.5,105,3,3,35,身体护理
天猫,自营,A-HFP旗舰店,上海仓,SPU1004,修护淡印多效精华液,B04-30,30ml,150,30,0,0,2.5,75,3,3,55,精华
天猫,自营,A-HFP旗舰店,上海仓,SPU1003,果酸毛孔净透精华水,L05-380,380ml,18,25,80,0,2,60,3,3,22,精华
京东,自营,A-HFP京东店,京东仓,SPU1002,乳糖酸亮肤身体乳,X10-180,180ml,180,40,0,0,3,90,5,3,50,身体护理
京东,自营,A-HFP京东店,京东仓,SPU1001,果酸控油洗发水,X14-280,280ml,15,20,100,0,2.5,75,5,3,38,洗护
得物,自营,A-HFP得物店,得物仓,SPU1004,修护淡印多效精华液,B04-30,30ml,100,25,0,0,2,60,5,3,62,精华
得物,自营,A-HFP得物店,得物仓,SPU1003,果酸毛孔净透精华水,L05-380,380ml,40,20,0,0,1.5,45,5,3,30,精华
得物,自营,A-HFP得物店,得物仓,SPU1099,滞销测试品,SLOW-001,标准,800,10,0,0,0.5,15,5,3,20,测试
