SKU,店铺,当前库存,安全库存,日均销量
X14-280,A-HFP-US旗舰店,5,20,3.5
X14-500,A-HFP-US旗舰店,120,30,2.1
X10-180,A-HFP-US旗舰店,8,25,4.2
L05-380,A-HFP-US旗舰店,45,30,2.8
B04-30,A-HFP旗舰店,60,30,1.5
X14-280,A-HFP-DE店,15,20,2.5
X10-180,A-HFP-DE店,80,25,1.8
X14-280,A-HFP-SG店,12,15,2.1
L05-380,A-HFP-SG店,3,10,1.5
B04-30,A-HFP-MY店,8,20,1.9
X14-280,A-HFP-MY店,60,20,1.2
L05-380,A-HFP-TikTok店,2,10,2.5
X10-180,A-HFP-TikTok店,150,25,2.0
X14-280,A-HFP-TikTok店,8,15,1.5
L05-380,A-HFP-Temu店,5,15,1.5
B04-30,A-HFP-Temu店,80,20,1.0
X10-180,A-HFP旗舰店,200,40,3.5
B04-30,A-HFP旗舰店,150,30,2.5
L05-380,A-HFP旗舰店,18,25,2.0
X10-180,A-HFP京东店,180,40,3.0
X14-280,A-HFP京东店,15,20,2.5
B04-30,A-HFP得物店,100,25,2.0
L05-380,A-HFP得物店,40,20,1.5