商品ID,商品名称,原始标题,原始描述,类目,平台,目标关键词
SPU1001,果酸控油洗发水,果酸洗发水,hfp果酸洗发水控油蓬松止去屑痒,洗护,Amazon,果酸控油洗发水 蓬松
SPU1002,乳糖酸亮肤身体乳,身体乳,HFP乳糖酸亮肤身体乳女果酸官方,身体护理,Amazon,身体乳 亮肤 保湿
SPU1003,果酸毛孔净透精华水,果酸精粹水,收缩毛孔黑头爽肤水油皮,精华,Amazon,果酸水 收缩毛孔
SPU1004,修护淡印多效精华液,寡肽原液,HFP寡肽原液 官方旗舰店祛痘,精华,Amazon,寡肽 淡印 修护
SPU1005,金盏花舒缓爽肤水,金盏花水,HFP金盏花水乳套装 油痘肌控油,水乳,天猫,金盏花 舒缓 控油
SPU1006,紧致润彩眼贴膜,眼贴膜,新品hfp冷玛吉眼油滋润抗皱,眼部护理,天猫,眼贴膜 紧致 抗皱
SPU1007,氨基酸净透毛孔洁面液,洁面液,HFP果酸洁面液深层清洁毛孔控油,洗护,天猫,洁面液 毛孔 氨基酸
SPU1008,果酸净澈清洁面膜,清洁面膜,HFP果酸清洁面膜55g 深层涂抹,面膜,天猫,清洁面膜 果酸
SPU1009,补骨脂酚淡纹紧致精华乳,补骨脂酚乳,hfp植物A醇补骨脂酚水乳套装,精华,京东,补骨脂酚 抗皱
SPU1010,低聚糖保湿乳液,低聚糖乳,HFP低聚糖保湿乳液控油清爽,水乳,京东,低聚糖 保湿 控油
SPU1011,烟酰胺美白保湿乳液,烟酰胺乳,HFP低聚糖保湿乳液控油清爽,水乳,拼多多,烟酰胺 美白
SPU1012,VC乙基醚熊果苷精华水,VC精华水,VC乙基醚熊果苷精华水30ml,精华,抖音,VC 精华水 亮肤
SPU1013,金盏花清爽保湿面霜,金盏花面霜,HFP金盏花清爽保湿面霜不油腻,面霜,抖音,金盏花 面霜 清爽
SPU1014,双管润泽气泡油霜,气泡油霜,hfp双管气泡油霜高补水,面霜,得物,气泡油霜 补水
SPU1015,牛油果倍润特护霜,牛油果面霜,HFP牛油果面霜补水保湿滋润,面霜,得物,牛油果 面霜 滋润