订单编号,平台,模式,店铺,订单状态,退款状态,退款金额,成交价,数量,应收金额,国家,州省,城市,商品ID,商品名称,SKU编码,付款时间,发货时间,妥投时间,物流公司,成本,平台佣金,FBA费,广告费,币种,客户ID
AMZ-US-20260901-0001,Amazon,FBA,A-HFP-US旗舰店,已发货,,,49.99,1,49.99,US,CA,Los Angeles,SPU1001,果酸控油洗发水,X14-280,2026-09-01 08:15:23,2026-09-01 14:30:00,2026-09-05 11:20:00,USPS,18.00,7.50,4.80,2.50,USD,CUST001
AMZ-US-20260901-0002,Amazon,FBA,A-HFP-US旗舰店,已发货,,,89.99,2,89.99,US,NY,New York,SPU1002,乳糖酸亮肤身体乳,X10-180,2026-09-01 09:22:11,2026-09-01 15:10:00,2026-09-04 16:45:00,USPS,32.00,13.50,5.20,4.00,USD,CUST002
AMZ-US-20260901-0003,Amazon,FBA,A-HFP-US旗舰店,已发货,,,29.99,1,29.99,US,TX,Dallas,SPU1003,果酸毛孔净透精华水,L05-380,2026-09-01 10:45:33,2026-09-01 16:00:00,2026-09-05 09:30:00,USPS,11.00,4.50,4.20,1.80,USD,CUST001
AMZ-US-20260901-0004,Amazon,FBM,A-HFP-US旗舰店,已发货,,,159.99,1,159.99,US,FL,Miami,SPU1004,修护淡印多效精华液,B04-30,2026-09-01 11:30:00,2026-09-02 09:00:00,2026-09-06 14:20:00,UPS,55.00,24.00,0.00,6.50,USD,CUST003
AMZ-US-20260902-0005,Amazon,FBA,A-HFP-US旗舰店,已发货,,,49.99,1,49.99,US,WA,Seattle,SPU1001,果酸控油洗发水,X14-280,2026-09-02 07:00:00,2026-09-02 12:00:00,2026-09-06 10:15:00,USPS,18.00,7.50,4.80,2.50,USD,CUST002
AMZ-DE-20260902-0007,Amazon,FBA,A-HFP-DE店,已发货,,,44.99,1,44.99,DE,BY,Munich,SPU1001,果酸控油洗发水,X14-280,2026-09-02 09:15:00,2026-09-02 15:30:00,2026-09-05 08:00:00,DHL,18.00,6.75,5.00,2.00,EUR,CUST005
AMZ-DE-20260902-0008,Amazon,FBA,A-HFP-DE店,已发货,,,119.99,2,119.99,DE,BE,Berlin,SPU1002,乳糖酸亮肤身体乳,X10-180,2026-09-02 10:30:00,2026-09-02 17:00:00,2026-09-06 12:30:00,DHL,42.00,18.00,6.00,5.00,EUR,CUST006
AMZ-JP-20260903-0010,Amazon,FBA,A-HFP-JP店,已发货,,,6800,1,6800,JP,13,Tokyo,SPU1001,果酸控油洗发水,X14-280,2026-09-03 10:00:00,2026-09-03 16:30:00,2026-09-06 09:15:00,黑猫宅急便,2400,1020,580,300,JPY,CUST008
SHOPEE-SG-20260904-0012,Shopee,海外仓,A-HFP-SG店,已发货,,,32.90,1,32.90,SG,Central,Singapore,SPU1001,果酸控油洗发水,X14-280,2026-09-04 09:00:00,2026-09-04 13:00:00,2026-09-06 15:30:00,SingPost,12.00,4.94,0.00,1.50,SGD,CUST010
SHOPEE-MY-20260904-0014,Shopee,海外仓,A-HFP-MY店,已发货,,,89.90,1,89.90,MY,Kuala Lumpur,Kuala Lumpur,SPU1004,修护淡印多效精华液,B04-30,2026-09-04 11:45:00,2026-09-04 16:00:00,2026-09-08 09:00:00,J&T,38.00,13.49,0.00,4.50,MYR,CUST011
TIKTOK-US-20260905-0016,TikTok,本土店,A-HFP-TikTok店,已发货,,,39.99,1,39.99,US,CA,San Diego,SPU1003,果酸毛孔净透精华水,L05-380,2026-09-05 14:00:00,2026-09-05 20:30:00,2026-09-09 12:00:00,FedEx,16.00,8.00,0.00,3.50,USD,CUST013
TIKTOK-US-20260905-0017,TikTok,本土店,A-HFP-TikTok店,已发货,,,79.98,2,79.98,US,IL,Chicago,SPU1002,乳糖酸亮肤身体乳,X10-180,2026-09-05 15:30:00,2026-09-05 22:00:00,2026-09-09 15:30:00,FedEx,28.00,16.00,0.00,5.00,USD,CUST014
TIKTOK-US-20260906-0018,TikTok,本土店,A-HFP-TikTok店,已退款,全部退款,39.99,39.99,1,0.00,US,NY,Buffalo,SPU1003,果酸毛孔净透精华水,L05-380,2026-09-06 09:00:00,2026-09-06 15:00:00,2026-09-10 10:00:00,FedEx,16.00,0.00,0.00,0.00,USD,CUST015
TIKTOK-US-20260906-0019,TikTok,本土店,A-HFP-TikTok店,已发货,,,29.99,1,29.99,US,TX,Austin,SPU1001,果酸控油洗发水,X14-280,2026-09-06 10:30:00,2026-09-06 17:00:00,2026-09-10 09:30:00,FedEx,12.00,6.00,0.00,2.50,USD,CUST013
TEMU-US-20260906-0020,Temu,全托管,A-HFP-Temu店,已发货,,,25.99,1,25.99,US,CA,Fresno,SPU1003,果酸毛孔净透精华水,L05-380,2026-09-06 11:00:00,2026-09-06 20:00:00,2026-09-12 14:00:00,Temu Logistics,11.00,0.00,0.00,1.50,USD,CUST016
TEMU-US-20260907-0021,Temu,全托管,A-HFP-Temu店,已发货,,,39.99,1,39.99,US,NV,Las Vegas,SPU1004,修护淡印多效精华液,B04-30,2026-09-07 08:00:00,2026-09-07 16:00:00,2026-09-13 11:30:00,Temu Logistics,16.00,0.00,0.00,2.00,USD,CUST017
TB-20260907-0022,天猫,自营,A-HFP旗舰店,已发货,,,89.00,1,89.00,CN,浙江省,杭州市,SPU1002,乳糖酸亮肤身体乳,X10-180,2026-09-07 09:30:00,2026-09-07 15:00:00,2026-09-09 11:00:00,中通小货,35.00,4.45,0.00,2.50,CNY,CUST018
TB-20260907-0023,天猫,自营,A-HFP旗舰店,已发货,,,159.00,1,159.00,CN,广东省,深圳市,SPU1004,修护淡印多效精华液,B04-30,2026-09-07 10:00:00,2026-09-07 16:30:00,2026-09-09 15:00:00,顺丰,55.00,7.95,0.00,4.00,CNY,CUST018
TB-20260908-0024,天猫,自营,A-HFP旗舰店,已发货,,,59.00,1,59.00,CN,北京市,北京市,SPU1003,果酸毛孔净透精华水,L05-380,2026-09-08 08:00:00,2026-09-08 13:00:00,2026-09-10 09:00:00,中通小货,22.00,2.95,0.00,1.50,CNY,CUST019
JD-20260908-0025,京东,自营,A-HFP京东店,已发货,,,128.00,1,128.00,CN,上海市,上海市,SPU1002,乳糖酸亮肤身体乳,X10-180,2026-09-08 09:30:00,2026-09-08 14:00:00,2026-09-10 10:30:00,京东快递,50.00,6.40,0.00,3.00,CNY,CUST020
JD-20260908-0026,京东,自营,A-HFP京东店,已发货,,,99.00,1,99.00,CN,江苏省,南京市,SPU1001,果酸控油洗发水,X14-280,2026-09-08 11:00:00,2026-09-08 16:00:00,2026-09-10 14:00:00,京东快递,38.00,4.95,0.00,2.50,CNY,CUST021
DEWU-20260908-0027,得物,自营,A-HFP得物店,已发货,,,188.00,1,188.00,CN,浙江省,杭州市,SPU1004,修护淡印多效精华液,B04-30,2026-09-08 13:30:00,2026-09-08 18:00:00,2026-09-10 16:30:00,顺丰,62.00,9.40,0.00,5.00,CNY,CUST022
DEWU-20260909-0028,得物,自营,A-HFP得物店,已发货,,,79.00,1,79.00,CN,广东省,广州市,SPU1003,果酸毛孔净透精华水,L05-380,2026-09-09 10:00:00,2026-09-09 15:00:00,2026-09-11 11:00:00,顺丰,30.00,3.95,0.00,2.00,CNY,CUST022
AMZ-US-20260909-0029,Amazon,FBA,A-HFP-US旗舰店,已发货,,,49.99,1,49.99,US,OR,Portland,SPU1001,果酸控油洗发水,X14-280,2026-09-09 08:00:00,2026-09-09 13:30:00,2026-09-13 10:00:00,USPS,18.00,7.50,4.80,2.50,USD,CUST001
AMZ-US-20260909-0030,Amazon,FBA,A-HFP-US旗舰店,已发货,,,89.99,2,89.99,US,MA,Boston,SPU1002,乳糖酸亮肤身体乳,X10-180,2026-09-09 10:30:00,2026-09-09 16:00:00,2026-09-13 14:30:00,USPS,32.00,13.50,5.20,4.00,USD,CUST002